{"cameraMode":{"drawMode":0,"name":"Shaded","section":"Shading Mode"},"sceneLighting":false,"audioPlay":false,"sceneViewState":{"m_AlwaysRefresh":false,"showFog":true,"showSkybox":true,"showFlares":true,"showImageEffects":true,"showParticleSystems":true,"showVisualEffectGraphs":true,"m_FxEnabled":true},"in2DMode":false,"pivot":{"x":0.18897223472595216,"y":-5.8328351974487309,"z":-4.9138054847717289},"rotation":{"x":-0.004685428459197283,"y":-0.9571484327316284,"z":0.28917115926742556,"w":-0.015511222183704377},"size":10.828989028930664,"orthographic":false}